<?xml version="1.0" encoding="UTF-8"?>
<project-private xmlns="http://www.netbeans.org/ns/project-private/1">
    <editor-bookmarks xmlns="http://www.netbeans.org/ns/editor-bookmarks/2" lastBookmarkId="0"/>
    <open-files xmlns="http://www.netbeans.org/ns/projectui-open-files/2">
        <group>
            <file>file:/C:/Users/ADMIN/OneDrive%20-%20Ho%20Chi%20Minh%20city%20University%20of%20Food%20Industry/Documents/NetBeansProjects/Do_An_TTNT/Source_Code_Java_OAnQuan/OAnQuan/src/view/GUI.java</file>
            <file>file:/C:/Users/ADMIN/OneDrive%20-%20Ho%20Chi%20Minh%20city%20University%20of%20Food%20Industry/Documents/NetBeansProjects/Do_An_TTNT/Source_Code_Java_OAnQuan/OAnQuan/src/model/dsO.java</file>
            <file>file:/C:/Users/ADMIN/OneDrive%20-%20Ho%20Chi%20Minh%20city%20University%20of%20Food%20Industry/Documents/NetBeansProjects/Do_An_TTNT/Source_Code_Java_OAnQuan/OAnQuan/build/classes/.netbeans_update_resources</file>
            <file>file:/C:/Users/ADMIN/OneDrive%20-%20Ho%20Chi%20Minh%20city%20University%20of%20Food%20Industry/Documents/NetBeansProjects/Do_An_TTNT/Source_Code_Java_OAnQuan/OAnQuan/build/classes/.netbeans_automatic_build</file>
            <file>file:/C:/Users/ADMIN/OneDrive%20-%20Ho%20Chi%20Minh%20city%20University%20of%20Food%20Industry/Documents/NetBeansProjects/Do_An_TTNT/Source_Code_Java_OAnQuan/OAnQuan/src/model/o.java</file>
            <file>file:/C:/Users/ADMIN/OneDrive%20-%20Ho%20Chi%20Minh%20city%20University%20of%20Food%20Industry/Documents/NetBeansProjects/Do_An_TTNT/Source_Code_Java_OAnQuan/OAnQuan/src/model/luotThayDoi.java</file>
            <file>file:/C:/Users/ADMIN/OneDrive%20-%20Ho%20Chi%20Minh%20city%20University%20of%20Food%20Industry/Documents/NetBeansProjects/Do_An_TTNT/Source_Code_Java_OAnQuan/OAnQuan/build/built-jar.properties</file>
            <file>file:/C:/Users/ADMIN/OneDrive%20-%20Ho%20Chi%20Minh%20city%20University%20of%20Food%20Industry/Documents/NetBeansProjects/Do_An_TTNT/Source_Code_Java_OAnQuan/OAnQuan/build.xml</file>
            <file>file:/C:/Users/ADMIN/OneDrive%20-%20Ho%20Chi%20Minh%20city%20University%20of%20Food%20Industry/Documents/NetBeansProjects/Do_An_TTNT/Source_Code_Java_OAnQuan/OAnQuan/nbproject/project.xml</file>
        </group>
    </open-files>
</project-private>
